column,meaning,source,pipeline_version,dtype,unit
bci,Baltic Capesize Index,Baltic Shipping Indices,3.0.0,float64,
bci_30d_avg,30d trailing avg of bci; current day excluded,Feature Engineer v3,3.0.0,float64,
bci_30d_std,30d trailing std of bci; current day excluded,Feature Engineer v3,3.0.0,float64,
bci_30d_vol,30d trailing vol of bci; current day excluded,Feature Engineer v3,3.0.0,float64,
bci_7d_avg,7d trailing avg of bci; current day excluded,Feature Engineer v3,3.0.0,float64,
bci_7d_std,7d trailing std of bci; current day excluded,Feature Engineer v3,3.0.0,float64,
bci_7d_vol,7d trailing vol of bci; current day excluded,Feature Engineer v3,3.0.0,float64,
bci_90d_avg,90d trailing avg of bci; current day excluded,Feature Engineer v3,3.0.0,float64,
bci_90d_std,90d trailing std of bci; current day excluded,Feature Engineer v3,3.0.0,float64,
bci_90d_vol,90d trailing vol of bci; current day excluded,Feature Engineer v3,3.0.0,float64,
bci_lag_1,1-calendar-day lag of bci,Feature Engineer v3,3.0.0,float64,
bci_lag_30,30-calendar-day lag of bci,Feature Engineer v3,3.0.0,float64,
bci_lag_7,7-calendar-day lag of bci,Feature Engineer v3,3.0.0,float64,
bci_outlier_flag,1 when bc has |z-score| > 4.0,Feature Engineer v3 QC,3.0.0,int64,
bci_status,Upstream field preserved in master feature table,Joined upstream source,3.0.0,object,
bdi,Baltic Dry Index,Baltic Shipping Indices,3.0.0,float64,
bdi_30d_avg,30d trailing avg of bdi; current day excluded,Feature Engineer v3,3.0.0,float64,
bdi_30d_roc,Upstream field preserved in master feature table,Joined upstream source,3.0.0,float64,
bdi_30d_std,30d trailing std of bdi; current day excluded,Feature Engineer v3,3.0.0,float64,
bdi_30d_vol,30d trailing vol of bdi; current day excluded,Feature Engineer v3,3.0.0,float64,
bdi_7d_avg,7d trailing avg of bdi; current day excluded,Feature Engineer v3,3.0.0,float64,
bdi_7d_std,7d trailing std of bdi; current day excluded,Feature Engineer v3,3.0.0,float64,
bdi_7d_vol,7d trailing vol of bdi; current day excluded,Feature Engineer v3,3.0.0,float64,
bdi_90d_avg,90d trailing avg of bdi; current day excluded,Feature Engineer v3,3.0.0,float64,
bdi_90d_std,90d trailing std of bdi; current day excluded,Feature Engineer v3,3.0.0,float64,
bdi_90d_vol,90d trailing vol of bdi; current day excluded,Feature Engineer v3,3.0.0,float64,
bdi_lag_1,1-calendar-day lag of bdi,Feature Engineer v3,3.0.0,float64,
bdi_lag_30,30-calendar-day lag of bdi,Feature Engineer v3,3.0.0,float64,
bdi_lag_7,7-calendar-day lag of bdi,Feature Engineer v3,3.0.0,float64,
bdi_outlier_flag,1 when bd has |z-score| > 4.0,Feature Engineer v3 QC,3.0.0,int64,
bdi_status,Upstream field preserved in master feature table,Joined upstream source,3.0.0,object,
bhsi,Baltic Handysize Index,Baltic Shipping Indices,3.0.0,float64,
bhsi_30d_avg,30d trailing avg of bhsi; current day excluded,Feature Engineer v3,3.0.0,float64,
bhsi_30d_std,30d trailing std of bhsi; current day excluded,Feature Engineer v3,3.0.0,float64,
bhsi_30d_vol,30d trailing vol of bhsi; current day excluded,Feature Engineer v3,3.0.0,float64,
bhsi_7d_avg,7d trailing avg of bhsi; current day excluded,Feature Engineer v3,3.0.0,float64,
bhsi_7d_std,7d trailing std of bhsi; current day excluded,Feature Engineer v3,3.0.0,float64,
bhsi_7d_vol,7d trailing vol of bhsi; current day excluded,Feature Engineer v3,3.0.0,float64,
bhsi_90d_avg,90d trailing avg of bhsi; current day excluded,Feature Engineer v3,3.0.0,float64,
bhsi_90d_std,90d trailing std of bhsi; current day excluded,Feature Engineer v3,3.0.0,float64,
bhsi_90d_vol,90d trailing vol of bhsi; current day excluded,Feature Engineer v3,3.0.0,float64,
bhsi_lag_1,1-calendar-day lag of bhsi,Feature Engineer v3,3.0.0,float64,
bhsi_lag_30,30-calendar-day lag of bhsi,Feature Engineer v3,3.0.0,float64,
bhsi_lag_7,7-calendar-day lag of bhsi,Feature Engineer v3,3.0.0,float64,
bhsi_outlier_flag,1 when bhs has |z-score| > 4.0,Feature Engineer v3 QC,3.0.0,int64,
bhsi_status,Upstream field preserved in master feature table,Joined upstream source,3.0.0,object,
bpi,Baltic Panamax Index,Baltic Shipping Indices,3.0.0,float64,
bpi_30d_avg,30d trailing avg of bpi; current day excluded,Feature Engineer v3,3.0.0,float64,
bpi_30d_std,30d trailing std of bpi; current day excluded,Feature Engineer v3,3.0.0,float64,
bpi_30d_vol,30d trailing vol of bpi; current day excluded,Feature Engineer v3,3.0.0,float64,
bpi_7d_avg,7d trailing avg of bpi; current day excluded,Feature Engineer v3,3.0.0,float64,
bpi_7d_std,7d trailing std of bpi; current day excluded,Feature Engineer v3,3.0.0,float64,
bpi_7d_vol,7d trailing vol of bpi; current day excluded,Feature Engineer v3,3.0.0,float64,
bpi_90d_avg,90d trailing avg of bpi; current day excluded,Feature Engineer v3,3.0.0,float64,
bpi_90d_std,90d trailing std of bpi; current day excluded,Feature Engineer v3,3.0.0,float64,
bpi_90d_vol,90d trailing vol of bpi; current day excluded,Feature Engineer v3,3.0.0,float64,
bpi_lag_1,1-calendar-day lag of bpi,Feature Engineer v3,3.0.0,float64,
bpi_lag_30,30-calendar-day lag of bpi,Feature Engineer v3,3.0.0,float64,
bpi_lag_7,7-calendar-day lag of bpi,Feature Engineer v3,3.0.0,float64,
bpi_outlier_flag,1 when bp has |z-score| > 4.0,Feature Engineer v3 QC,3.0.0,int64,
bpi_status,Upstream field preserved in master feature table,Joined upstream source,3.0.0,object,
bsi,Baltic Supramax Index,Baltic Shipping Indices,3.0.0,float64,
bsi_30d_avg,30d trailing avg of bsi; current day excluded,Feature Engineer v3,3.0.0,float64,
bsi_30d_std,30d trailing std of bsi; current day excluded,Feature Engineer v3,3.0.0,float64,
bsi_30d_vol,30d trailing vol of bsi; current day excluded,Feature Engineer v3,3.0.0,float64,
bsi_7d_avg,7d trailing avg of bsi; current day excluded,Feature Engineer v3,3.0.0,float64,
bsi_7d_std,7d trailing std of bsi; current day excluded,Feature Engineer v3,3.0.0,float64,
bsi_7d_vol,7d trailing vol of bsi; current day excluded,Feature Engineer v3,3.0.0,float64,
bsi_90d_avg,90d trailing avg of bsi; current day excluded,Feature Engineer v3,3.0.0,float64,
bsi_90d_std,90d trailing std of bsi; current day excluded,Feature Engineer v3,3.0.0,float64,
bsi_90d_vol,90d trailing vol of bsi; current day excluded,Feature Engineer v3,3.0.0,float64,
bsi_lag_1,1-calendar-day lag of bsi,Feature Engineer v3,3.0.0,float64,
bsi_lag_30,30-calendar-day lag of bsi,Feature Engineer v3,3.0.0,float64,
bsi_lag_7,7-calendar-day lag of bsi,Feature Engineer v3,3.0.0,float64,
bsi_outlier_flag,1 when bs has |z-score| > 4.0,Feature Engineer v3 QC,3.0.0,int64,
bsi_status,Upstream field preserved in master feature table,Joined upstream source,3.0.0,object,
bunker_ifo380_price,IFO380 bunker price,Bunker prices,3.0.0,float64,
bunker_ifo380_price_30d_avg,30d trailing avg of bunker_ifo380_price; current day excluded,Feature Engineer v3,3.0.0,float64,
bunker_ifo380_price_30d_std,30d trailing std of bunker_ifo380_price; current day excluded,Feature Engineer v3,3.0.0,float64,
bunker_ifo380_price_30d_vol,30d trailing vol of bunker_ifo380_price; current day excluded,Feature Engineer v3,3.0.0,float64,
bunker_ifo380_price_7d_avg,7d trailing avg of bunker_ifo380_price; current day excluded,Feature Engineer v3,3.0.0,float64,
bunker_ifo380_price_7d_std,7d trailing std of bunker_ifo380_price; current day excluded,Feature Engineer v3,3.0.0,float64,
bunker_ifo380_price_7d_vol,7d trailing vol of bunker_ifo380_price; current day excluded,Feature Engineer v3,3.0.0,float64,
bunker_ifo380_price_90d_avg,90d trailing avg of bunker_ifo380_price; current day excluded,Feature Engineer v3,3.0.0,float64,
bunker_ifo380_price_90d_std,90d trailing std of bunker_ifo380_price; current day excluded,Feature Engineer v3,3.0.0,float64,
bunker_ifo380_price_90d_vol,90d trailing vol of bunker_ifo380_price; current day excluded,Feature Engineer v3,3.0.0,float64,
bunker_ifo380_price_lag_1,1-calendar-day lag of bunker_ifo380_price,Feature Engineer v3,3.0.0,float64,
bunker_ifo380_price_lag_30,30-calendar-day lag of bunker_ifo380_price,Feature Engineer v3,3.0.0,float64,
bunker_ifo380_price_lag_7,7-calendar-day lag of bunker_ifo380_price,Feature Engineer v3,3.0.0,float64,
bunker_ifo380_price_outlier_flag,1 when bunker_ifo380_pric has |z-score| > 4.0,Feature Engineer v3 QC,3.0.0,int64,
bunker_status,Upstream field preserved in master feature table,Joined upstream source,3.0.0,object,
bunker_vlsfo_price,VLSFO bunker price,Bunker prices,3.0.0,float64,
bunker_vlsfo_price_30d_avg,30d trailing avg of bunker_vlsfo_price; current day excluded,Feature Engineer v3,3.0.0,float64,
bunker_vlsfo_price_30d_std,30d trailing std of bunker_vlsfo_price; current day excluded,Feature Engineer v3,3.0.0,float64,
bunker_vlsfo_price_30d_vol,30d trailing vol of bunker_vlsfo_price; current day excluded,Feature Engineer v3,3.0.0,float64,
bunker_vlsfo_price_7d_avg,7d trailing avg of bunker_vlsfo_price; current day excluded,Feature Engineer v3,3.0.0,float64,
bunker_vlsfo_price_7d_std,7d trailing std of bunker_vlsfo_price; current day excluded,Feature Engineer v3,3.0.0,float64,
bunker_vlsfo_price_7d_vol,7d trailing vol of bunker_vlsfo_price; current day excluded,Feature Engineer v3,3.0.0,float64,
bunker_vlsfo_price_90d_avg,90d trailing avg of bunker_vlsfo_price; current day excluded,Feature Engineer v3,3.0.0,float64,
bunker_vlsfo_price_90d_std,90d trailing std of bunker_vlsfo_price; current day excluded,Feature Engineer v3,3.0.0,float64,
bunker_vlsfo_price_90d_vol,90d trailing vol of bunker_vlsfo_price; current day excluded,Feature Engineer v3,3.0.0,float64,
bunker_vlsfo_price_lag_1,1-calendar-day lag of bunker_vlsfo_price,Feature Engineer v3,3.0.0,float64,
bunker_vlsfo_price_lag_30,30-calendar-day lag of bunker_vlsfo_price,Feature Engineer v3,3.0.0,float64,
bunker_vlsfo_price_lag_7,7-calendar-day lag of bunker_vlsfo_price,Feature Engineer v3,3.0.0,float64,
bunker_vlsfo_price_outlier_flag,1 when bunker_vlsfo_pric has |z-score| > 4.0,Feature Engineer v3 QC,3.0.0,int64,
cargo_tonnage,Upstream field preserved in master feature table,Joined upstream source,3.0.0,float64,
cargo_type_Coking Coal,Derived or one-hot encoded categorical feature,Feature Engineer v3,3.0.0,int64,
cargo_type_Iron Ore Fines,Derived or one-hot encoded categorical feature,Feature Engineer v3,3.0.0,int64,
cargo_type_Lump Iron Ore,Derived or one-hot encoded categorical feature,Feature Engineer v3,3.0.0,int64,
cargo_type_Pellets,Derived or one-hot encoded categorical feature,Feature Engineer v3,3.0.0,int64,
cargo_type_Thermal Coal,Derived or one-hot encoded categorical feature,Feature Engineer v3,3.0.0,int64,
china_crude_steel_production_mt,Upstream field preserved in master feature table,Joined upstream source,3.0.0,float64,
china_crude_steel_production_yoy_pct,Upstream field preserved in master feature table,Joined upstream source,3.0.0,float64,
china_iron_ore_imports,China iron ore imports,Macro / trade,3.0.0,float64,
china_iron_ore_imports_30d_avg,30d trailing avg of china_iron_ore_imports; current day excluded,Feature Engineer v3,3.0.0,float64,
china_iron_ore_imports_30d_std,30d trailing std of china_iron_ore_imports; current day excluded,Feature Engineer v3,3.0.0,float64,
china_iron_ore_imports_30d_vol,30d trailing vol of china_iron_ore_imports; current day excluded,Feature Engineer v3,3.0.0,float64,
china_iron_ore_imports_7d_avg,7d trailing avg of china_iron_ore_imports; current day excluded,Feature Engineer v3,3.0.0,float64,
china_iron_ore_imports_7d_std,7d trailing std of china_iron_ore_imports; current day excluded,Feature Engineer v3,3.0.0,float64,
china_iron_ore_imports_7d_vol,7d trailing vol of china_iron_ore_imports; current day excluded,Feature Engineer v3,3.0.0,float64,
china_iron_ore_imports_90d_avg,90d trailing avg of china_iron_ore_imports; current day excluded,Feature Engineer v3,3.0.0,float64,
china_iron_ore_imports_90d_std,90d trailing std of china_iron_ore_imports; current day excluded,Feature Engineer v3,3.0.0,float64,
china_iron_ore_imports_90d_vol,90d trailing vol of china_iron_ore_imports; current day excluded,Feature Engineer v3,3.0.0,float64,
china_iron_ore_imports_lag_1,1-calendar-day lag of china_iron_ore_imports,Feature Engineer v3,3.0.0,float64,
china_iron_ore_imports_lag_30,30-calendar-day lag of china_iron_ore_imports,Feature Engineer v3,3.0.0,float64,
china_iron_ore_imports_lag_7,7-calendar-day lag of china_iron_ore_imports,Feature Engineer v3,3.0.0,float64,
china_iron_ore_imports_outlier_flag,1 when china_iron_ore_import has |z-score| > 4.0,Feature Engineer v3 QC,3.0.0,int64,
china_iron_ore_imports_status,Upstream field preserved in master feature table,Joined upstream source,3.0.0,object,
coking_coal_price,Coking coal benchmark price,Commodity prices,3.0.0,float64,
coking_coal_price_30d_avg,30d trailing avg of coking_coal_price; current day excluded,Feature Engineer v3,3.0.0,float64,
coking_coal_price_30d_std,30d trailing std of coking_coal_price; current day excluded,Feature Engineer v3,3.0.0,float64,
coking_coal_price_30d_vol,30d trailing vol of coking_coal_price; current day excluded,Feature Engineer v3,3.0.0,float64,
coking_coal_price_7d_avg,7d trailing avg of coking_coal_price; current day excluded,Feature Engineer v3,3.0.0,float64,
coking_coal_price_7d_std,7d trailing std of coking_coal_price; current day excluded,Feature Engineer v3,3.0.0,float64,
coking_coal_price_7d_vol,7d trailing vol of coking_coal_price; current day excluded,Feature Engineer v3,3.0.0,float64,
coking_coal_price_90d_avg,90d trailing avg of coking_coal_price; current day excluded,Feature Engineer v3,3.0.0,float64,
coking_coal_price_90d_std,90d trailing std of coking_coal_price; current day excluded,Feature Engineer v3,3.0.0,float64,
coking_coal_price_90d_vol,90d trailing vol of coking_coal_price; current day excluded,Feature Engineer v3,3.0.0,float64,
coking_coal_price_lag_1,1-calendar-day lag of coking_coal_price,Feature Engineer v3,3.0.0,float64,
coking_coal_price_lag_30,30-calendar-day lag of coking_coal_price,Feature Engineer v3,3.0.0,float64,
coking_coal_price_lag_7,7-calendar-day lag of coking_coal_price,Feature Engineer v3,3.0.0,float64,
coking_coal_price_outlier_flag,1 when coking_coal_pric has |z-score| > 4.0,Feature Engineer v3 QC,3.0.0,int64,
coking_coal_status,Upstream field preserved in master feature table,Joined upstream source,3.0.0,object,
commodity_demand_index,Upstream field preserved in master feature table,Joined upstream source,3.0.0,float64,
cyclone_active,Disruption/event indicator,Data Lead disruption dataset,3.0.0,float64,
cyclone_count,Upstream field preserved in master feature table,Joined upstream source,3.0.0,float64,
cyclone_risk_index,Upstream field preserved in master feature table,Joined upstream source,3.0.0,float64,
cyclone_season_flag,1 for April-May and October-December,Feature Engineer v3,3.0.0,int64,
date,calendar date,Temporal metadata,3.0.0,datetime64[ns],
day_of_week,Calendar day_of_week extracted from date,Temporal metadata,3.0.0,int32,
day_of_year,Calendar day_of_year extracted from date,Temporal metadata,3.0.0,int32,
days_since_cyclone,Upstream field preserved in master feature table,Joined upstream source,3.0.0,float64,
days_since_last_cyclone,Upstream field preserved in master feature table,Joined upstream source,3.0.0,float64,
destination_port_Chennai,Derived or one-hot encoded categorical feature,Feature Engineer v3,3.0.0,int64,
destination_port_Kamarajar (Ennore),Derived or one-hot encoded categorical feature,Feature Engineer v3,3.0.0,int64,
destination_port_Paradip,Derived or one-hot encoded categorical feature,Feature Engineer v3,3.0.0,int64,
destination_port_Syama Prasad Mookerjee (Kolkata & Haldia),Derived or one-hot encoded categorical feature,Feature Engineer v3,3.0.0,int64,
destination_port_V.O. Chidambaranar (Tuticorin),Derived or one-hot encoded categorical feature,Feature Engineer v3,3.0.0,int64,
destination_port_Visakhapatnam,Derived or one-hot encoded categorical feature,Feature Engineer v3,3.0.0,int64,
disruption_event_flag,Disruption/event indicator,Data Lead disruption dataset,3.0.0,int64,
disruption_flag,Disruption/event indicator,Data Lead disruption dataset,3.0.0,float64,
distance_nm,Upstream field preserved in master feature table,Joined upstream source,3.0.0,float64,
estimated_voyage_days,Upstream field preserved in master feature table,Joined upstream source,3.0.0,float64,
freight_rate_per_tonne,Freight rate target,Freight dataset,3.0.0,float64,
freight_rate_per_tonne_outlier_flag,1 when freight_rate_per_tonn has |z-score| > 4.0,Feature Engineer v3 QC,3.0.0,int64,
fuel_consumption_penalty_factor,Upstream field preserved in master feature table,Joined upstream source,3.0.0,float64,
fuel_cost_proxy,Derived voyage economics feature,Feature Engineer v3,3.0.0,float64,
global_fleet_utilization_pct,Upstream field preserved in master feature table,Joined upstream source,3.0.0,float64,
global_trade_index,Upstream field preserved in master feature table,Joined upstream source,3.0.0,float64,
india_crude_steel_production_mt,Upstream field preserved in master feature table,Joined upstream source,3.0.0,float64,
india_finished_steel_consumption_mt,Upstream field preserved in master feature table,Joined upstream source,3.0.0,float64,
iron_ore_price,Iron ore benchmark price,Commodity prices,3.0.0,float64,
iron_ore_price_30d_avg,30d trailing avg of iron_ore_price; current day excluded,Feature Engineer v3,3.0.0,float64,
iron_ore_price_30d_std,30d trailing std of iron_ore_price; current day excluded,Feature Engineer v3,3.0.0,float64,
iron_ore_price_30d_vol,30d trailing vol of iron_ore_price; current day excluded,Feature Engineer v3,3.0.0,float64,
iron_ore_price_7d_avg,7d trailing avg of iron_ore_price; current day excluded,Feature Engineer v3,3.0.0,float64,
iron_ore_price_7d_std,7d trailing std of iron_ore_price; current day excluded,Feature Engineer v3,3.0.0,float64,
iron_ore_price_7d_vol,7d trailing vol of iron_ore_price; current day excluded,Feature Engineer v3,3.0.0,float64,
iron_ore_price_90d_avg,90d trailing avg of iron_ore_price; current day excluded,Feature Engineer v3,3.0.0,float64,
iron_ore_price_90d_std,90d trailing std of iron_ore_price; current day excluded,Feature Engineer v3,3.0.0,float64,
iron_ore_price_90d_vol,90d trailing vol of iron_ore_price; current day excluded,Feature Engineer v3,3.0.0,float64,
iron_ore_price_lag_1,1-calendar-day lag of iron_ore_price,Feature Engineer v3,3.0.0,float64,
iron_ore_price_lag_30,30-calendar-day lag of iron_ore_price,Feature Engineer v3,3.0.0,float64,
iron_ore_price_lag_7,7-calendar-day lag of iron_ore_price,Feature Engineer v3,3.0.0,float64,
iron_ore_price_outlier_flag,1 when iron_ore_pric has |z-score| > 4.0,Feature Engineer v3 QC,3.0.0,int64,
iron_ore_status,Upstream field preserved in master feature table,Joined upstream source,3.0.0,object,
is_monsoon,1 for June through September,Feature Engineer v3,3.0.0,int64,
is_summer,Upstream field preserved in master feature table,Joined upstream source,3.0.0,int64,
is_winter,Upstream field preserved in master feature table,Joined upstream source,3.0.0,int64,
market_shock_flag,Disruption/event indicator,Data Lead disruption dataset,3.0.0,float64,
monsoon_flag,1 for June through September,Feature Engineer v3,3.0.0,int64,
month,Calendar month extracted from date,Temporal metadata,3.0.0,int32,
origin_port_Hay Point (AU),Derived or one-hot encoded categorical feature,Feature Engineer v3,3.0.0,int64,
origin_port_Muara Pantai (ID),Derived or one-hot encoded categorical feature,Feature Engineer v3,3.0.0,int64,
origin_port_Newcastle (AU),Derived or one-hot encoded categorical feature,Feature Engineer v3,3.0.0,int64,
origin_port_Port Hedland (AU),Derived or one-hot encoded categorical feature,Feature Engineer v3,3.0.0,int64,
origin_port_Richards Bay (ZA),Derived or one-hot encoded categorical feature,Feature Engineer v3,3.0.0,int64,
origin_port_Tubarao (BR),Derived or one-hot encoded categorical feature,Feature Engineer v3,3.0.0,int64,
port_cargo_mt_chennai,Upstream field preserved in master feature table,Joined upstream source,3.0.0,float64,
port_cargo_mt_kamarajar_(ennore),Upstream field preserved in master feature table,Joined upstream source,3.0.0,float64,
port_cargo_mt_paradip,Upstream field preserved in master feature table,Joined upstream source,3.0.0,float64,
port_cargo_mt_syama_prasad_mookerjee_(kolkata_and_haldia),Upstream field preserved in master feature table,Joined upstream source,3.0.0,float64,
port_cargo_mt_v.o._chidambaranar_(tuticorin),Upstream field preserved in master feature table,Joined upstream source,3.0.0,float64,
port_cargo_mt_visakhapatnam,Upstream field preserved in master feature table,Joined upstream source,3.0.0,float64,
port_disruption_flag,Disruption/event indicator,Data Lead disruption dataset,3.0.0,float64,
quarter,Calendar quarter extracted from date,Temporal metadata,3.0.0,int32,
shipping_demand_index,Upstream field preserved in master feature table,Joined upstream source,3.0.0,float64,
shock_type_none,Derived or one-hot encoded categorical feature,Feature Engineer v3,3.0.0,int64,
shock_type_rate_shock,Derived or one-hot encoded categorical feature,Feature Engineer v3,3.0.0,int64,
usd_inr_rate,USD/INR rate,FX,3.0.0,float64,
usd_inr_rate_30d_avg,30d trailing avg of usd_inr_rate; current day excluded,Feature Engineer v3,3.0.0,float64,
usd_inr_rate_30d_std,30d trailing std of usd_inr_rate; current day excluded,Feature Engineer v3,3.0.0,float64,
usd_inr_rate_30d_vol,30d trailing vol of usd_inr_rate; current day excluded,Feature Engineer v3,3.0.0,float64,
usd_inr_rate_7d_avg,7d trailing avg of usd_inr_rate; current day excluded,Feature Engineer v3,3.0.0,float64,
usd_inr_rate_7d_std,7d trailing std of usd_inr_rate; current day excluded,Feature Engineer v3,3.0.0,float64,
usd_inr_rate_7d_vol,7d trailing vol of usd_inr_rate; current day excluded,Feature Engineer v3,3.0.0,float64,
usd_inr_rate_90d_avg,90d trailing avg of usd_inr_rate; current day excluded,Feature Engineer v3,3.0.0,float64,
usd_inr_rate_90d_std,90d trailing std of usd_inr_rate; current day excluded,Feature Engineer v3,3.0.0,float64,
usd_inr_rate_90d_vol,90d trailing vol of usd_inr_rate; current day excluded,Feature Engineer v3,3.0.0,float64,
usd_inr_rate_lag_1,1-calendar-day lag of usd_inr_rate,Feature Engineer v3,3.0.0,float64,
usd_inr_rate_lag_30,30-calendar-day lag of usd_inr_rate,Feature Engineer v3,3.0.0,float64,
usd_inr_rate_lag_7,7-calendar-day lag of usd_inr_rate,Feature Engineer v3,3.0.0,float64,
usd_inr_rate_outlier_flag,1 when usd_inr_rat has |z-score| > 4.0,Feature Engineer v3 QC,3.0.0,int64,
usd_inr_status,Upstream field preserved in master feature table,Joined upstream source,3.0.0,object,
vessel_age_0-5yr,Derived or one-hot encoded categorical feature,Feature Engineer v3,3.0.0,int64,
vessel_age_10-15yr,Derived or one-hot encoded categorical feature,Feature Engineer v3,3.0.0,int64,
vessel_age_15yr+,Derived or one-hot encoded categorical feature,Feature Engineer v3,3.0.0,int64,
vessel_age_5-10yr,Derived or one-hot encoded categorical feature,Feature Engineer v3,3.0.0,int64,
vessel_age_years,Derived or one-hot encoded categorical feature,Feature Engineer v3,3.0.0,float64,
vessel_availability_index,Upstream field preserved in master feature table,Joined upstream source,3.0.0,float64,
vessel_beam_m,Upstream field preserved in master feature table,Joined upstream source,3.0.0,float64,
vessel_draft_m,Upstream field preserved in master feature table,Joined upstream source,3.0.0,float64,
vessel_dwt,Upstream field preserved in master feature table,Joined upstream source,3.0.0,float64,
vessel_loa_m,Upstream field preserved in master feature table,Joined upstream source,3.0.0,float64,
vessel_speed_knots,Upstream field preserved in master feature table,Joined upstream source,3.0.0,float64,
vessel_type_Aframax / Suezmax Tanker,Derived or one-hot encoded categorical feature,Feature Engineer v3,3.0.0,int64,
vessel_type_Capesize Bulk,Derived or one-hot encoded categorical feature,Feature Engineer v3,3.0.0,int64,
vessel_type_Feeder Container,Derived or one-hot encoded categorical feature,Feature Engineer v3,3.0.0,int64,
vessel_type_Panamax / Kamsarmax Bulk,Derived or one-hot encoded categorical feature,Feature Engineer v3,3.0.0,int64,
vessel_type_Supramax / Ultramax Bulk,Derived or one-hot encoded categorical feature,Feature Engineer v3,3.0.0,int64,
voyage_days_calc,Derived voyage economics feature,Feature Engineer v3,3.0.0,float64,
wb_coal_price_usd_tonne,Upstream field preserved in master feature table,Joined upstream source,3.0.0,float64,
wb_iron_ore_price_usd_tonne,Upstream field preserved in master feature table,Joined upstream source,3.0.0,float64,
weather_disruption_flag,Disruption/event indicator,Data Lead disruption dataset,3.0.0,float64,
weather_disruption_index,Upstream field preserved in master feature table,Joined upstream source,3.0.0,float64,
week_of_year,Calendar week_of_year extracted from date,Temporal metadata,3.0.0,int64,
